{
	"name" : "Economy",
	"namespace" : "econ",
	"depends" : [
		"JSONAPI", "Vault"
	],
	"methods" : [
		{
			"name":"isEnabled",
			"call":"this.econ.isEnabled()",
			"args":[
				
			],
			"desc":"Checks if economy method is enabled.",
			"returns":[
				"boolean",
				"Success or Failure"
			]
		},
		 {
			"name":"getName",
			"call":"this.econ.getName()",
			"args":[
				
			],
			"desc":"Gets name of permission method",
			"returns":[
				"String",
				"Name of Permission Method"
			]
		},
		 {
			"name":"hasBankSupport",
			"call":"this.econ.hasBankSupport()",
			"args":[
				
			],
			"desc":"Returns true if the given implementation supports banks.",
			"returns":[
				"boolean",
				"true if the implementation supports banks"
			]
		},
		 {
			"name":"format",
			"call":"this.econ.format(0)",
			"args":[
				[
					"double",
					"amount -"
				]
			],
			"desc":"Format amount into a human readable String This provides translation into economy specific formatting to improve consistency between plugins.",
			"returns":[
				"String",
				"Human readable string describing amount"
			]
		},
		 {
			"name":"currencyNamePlural",
			"call":"this.econ.currencyNamePlural()",
			"args":[
				
			],
			"desc":"Returns the name of the currency in plural form. If the economy being used does not support currency names then an empty string will be returned.",
			"returns":[
				"String",
				"name of the currency (plural)"
			]
		},
		 {
			"name":"currencyNameSingular",
			"call":"this.econ.currencyNameSingular()",
			"args":[
				
			],
			"desc":"Returns the name of the currency in singular form. If the economy being used does not support currency names then an empty string will be returned.",
			"returns":[
				"String",
				"name of the currency (singular)"
			]
		},
		 {
			"name":"hasAccount",
			"call":"this.econ.hasAccount(0)",
			"args":[
				[
					"String",
					"playerName -"
				]
			],
			"desc":"Checks if this player has an account on the server yet This will always return true if the player has joined the server at least once as all major economy plugins auto-generate a player account when the player joins the server",
			"returns":[
				"boolean",
				"if the player has an account"
			]
		},
		 {
			"name":"getBalance",
			"call":"this.econ.getBalance(0)",
			"args":[
				[
					"String",
					"playerName -"
				]
			],
			"desc":"Gets balance of a player",
			"returns":[
				"double",
				"Amount currently held in players account"
			]
		},
		 {
			"name":"has",
			"call":"this.econ.has(0, 1)",
			"args":[
				[
					"String",
					"playerName -"
				],
				[
					"double",
					"amount -"
				]
			],
			"desc":"Checks if the player account has the amount",
			"returns":[
				"boolean",
				""
			]
		},
		 {
			"name":"withdrawPlayer",
			"call":"this.econ.withdrawPlayer(0, 1)",
			"args":[
				[
					"String",
					"playerName - Name of player"
				],
				[
					"double",
					"amount - Amount to withdraw"
				]
			],
			"desc":"Withdraw an amount from a player",
			"returns":[
				"EconomyResponse",
				"Detailed response of transaction"
			]
		},
		 {
			"name":"depositPlayer",
			"call":"this.econ.depositPlayer(0, 1)",
			"args":[
				[
					"String",
					"playerName - Name of player"
				],
				[
					"double",
					"amount - Amount to deposit"
				]
			],
			"desc":"Deposit an amount to a player",
			"returns":[
				"EconomyResponse",
				"Detailed response of transaction"
			]
		},
		 {
			"name":"createBank",
			"call":"this.econ.createBank(0, 1)",
			"args":[
				[
					"String",
					"name -"
				],
				[
					"String",
					"player -"
				]
			],
			"desc":"Creates a bank account with the specified name and the player as the owner",
			"returns":[
				"EconomyResponse",
				""
			]
		},
		 {
			"name":"deleteBank",
			"call":"this.econ.deleteBank(0)",
			"args":[
				[
					"String",
					"name -"
				]
			],
			"desc":"Deletes a bank account with the specified name.",
			"returns":[
				"EconomyResponse",
				"if the operation completed successfully"
			]
		},
		 {
			"name":"bankBalance",
			"call":"this.econ.bankBalance(0)",
			"args":[
				[
					"String",
					"name -"
				]
			],
			"desc":"Returns the amount the bank has",
			"returns":[
				"EconomyResponse",
				""
			]
		},
		 {
			"name":"bankHas",
			"call":"this.econ.bankHas(0, 1)",
			"args":[
				[
					"String",
					"name -"
				],
				[
					"double",
					"amount -"
				]
			],
			"desc":"Returns true or false whether the bank has the amount specified",
			"returns":[
				"EconomyResponse",
				""
			]
		},
		 {
			"name":"bankWithdraw",
			"call":"this.econ.bankWithdraw(0, 1)",
			"args":[
				[
					"String",
					"name -"
				],
				[
					"double",
					"amount -"
				]
			],
			"desc":"Withdraw an amount from a bank account",
			"returns":[
				"EconomyResponse",
				""
			]
		},
		 {
			"name":"bankDeposit",
			"call":"this.econ.bankDeposit(0, 1)",
			"args":[
				[
					"String",
					"name -"
				],
				[
					"double",
					"amount -"
				]
			],
			"desc":"Deposit an amount into a bank account",
			"returns":[
				"EconomyResponse",
				""
			]
		},
		 {
			"name":"isBankOwner",
			"call":"this.econ.isBankOwner(0, 1)",
			"args":[
				[
					"String",
					"name -"
				],
				[
					"String",
					"playerName -"
				]
			],
			"desc":"Check if a player is the owner of a bank account",
			"returns":[
				"EconomyResponse",
				""
			]
		},
		 {
			"name":"isBankMember",
			"call":"this.econ.isBankMember(0, 1)",
			"args":[
				[
					"String",
					"name -"
				],
				[
					"String",
					"playerName -"
				]
			],
			"desc":"Check if the player is a member of the bank account",
			"returns":[
				"EconomyResponse",
				""
			]
		},
		 {
			"name":"getBanks",
			"call":"this.econ.getBanks()",
			"args":[
				
			],
			"desc":"Gets the list of banks",
			"returns":[
				"String[]",
				"the List of Banks"
			]
		},
		 {
			"name":"createPlayerAccount",
			"call":"this.econ.createPlayerAccount(0)",
			"args":[
				[
					"String",
					""
				]
			],
			"desc":"Attempts to create a player account for the given player",
			"returns":[
				"boolean",
				"if the account creation was successful"
			]
		}
	]
}